Price,VALE3.SA_Close
Ticker,VALE3.SA
Date,
2020-01-02,33.51133728027344
2020-01-03,33.264610290527344
2020-01-06,33.06722640991211
2020-01-07,33.30779266357422
2020-01-08,33.31394958496094
2020-01-09,32.876014709472656
2020-01-10,32.91302490234375
2020-01-13,34.109642028808594
2020-01-14,34.31935501098633
2020-01-15,34.20832824707031
2020-01-16,34.02945327758789
2020-01-17,35.15822219848633
2020-01-20,35.380271911621094
2020-01-21,34.55991744995117
2020-01-22,34.72644805908203
2020-01-23,34.233001708984375
2020-01-24,33.184425354003906
2020-01-27,31.155115127563477
2020-01-28,31.580717086791992
2020-01-29,31.303150177001953
2020-01-30,31.765758514404297
2020-01-31,31.007083892822266
2020-02-03,31.401838302612305
2020-02-04,32.24070739746094
2020-02-05,32.68480682373047
2020-02-06,32.86368179321289
2020-02-07,32.13584518432617
2020-02-10,30.957735061645508
2020-02-11,32.10500717163086
2020-02-12,32.73415756225586
2020-02-13,32.160518646240234
2020-02-14,31.457351684570312
2020-02-17,32.94386672973633
2020-02-18,32.56761169433594
2020-02-19,32.57377624511719
2020-02-20,32.19752883911133
2020-02-21,30.920726776123047
2020-02-26,27.972370147705078
2020-02-27,27.429580688476562
2020-02-28,27.330888748168945
2020-03-02,28.595354080200195
2020-03-03,28.58917999267578
2020-03-04,29.958499908447266
2020-03-05,28.8975887298584
2020-03-06,27.515932083129883
2020-03-09,23.333955764770508
2020-03-10,27.639293670654297
2020-03-11,25.128873825073242
2020-03-12,21.80426025390625
2020-03-13,26.461185455322266
2020-03-16,24.08029556274414
2020-03-17,25.60381507873535
2020-03-18,23.839738845825195
2020-03-19,22.451913833618164
2020-03-20,21.70557403564453
2020-03-23,21.033248901367188
2020-03-24,23.216760635375977
2020-03-25,25.196725845336914
2020-03-26,25.90605354309082
2020-03-27,24.734113693237305
2020-03-30,25.764188766479492
2020-03-31,26.658565521240234
2020-04-01,26.751087188720703
2020-04-02,26.387170791625977
2020-04-03,24.98084259033203
2020-04-06,26.603057861328125
2020-04-07,27.003978729248047
2020-04-08,26.837444305419922
2020-04-09,26.695571899414062
2020-04-13,27.49125862121582
2020-04-14,27.46658706665039
2020-04-15,26.640060424804688
2020-04-16,26.374834060668945
2020-04-17,27.139677047729492
2020-04-20,26.189788818359375
2020-04-22,26.461185455322266
2020-04-23,26.837444305419922
2020-04-24,26.99164390563965
2020-04-27,27.478927612304688
2020-04-28,27.515932083129883
2020-04-29,28.823570251464844
2020-04-30,27.670133590698242
2020-05-04,27.09650230407715
2020-05-05,26.954633712768555
2020-05-06,27.343225479125977
2020-05-07,28.40413475036621
2020-05-08,30.13121223449707
2020-05-11,29.440378189086914
2020-05-12,29.273845672607422
2020-05-13,29.939998626708984
2020-05-14,29.662437438964844
2020-05-15,29.637760162353516
2020-05-18,31.617721557617188
2020-05-19,32.25920867919922
2020-05-20,32.382564544677734
2020-05-21,31.53753662109375
2020-05-22,31.007083892822266
2020-05-25,30.902225494384766
2020-05-26,30.347097396850586
2020-05-27,31.235300064086914
2020-05-28,30.896059036254883
2020-05-29,32.690982818603516
2020-06-01,32.95002746582031
2020-06-02,32.95002746582031
2020-06-03,33.09807205200195
2020-06-04,34.33169174194336
2020-06-05,33.684043884277344
2020-06-08,33.78889846801758
2020-06-09,33.918434143066406
2020-06-10,33.43114471435547
2020-06-12,32.93770217895508
2020-06-15,33.2337646484375
2020-06-16,34.16515350341797
2020-06-17,34.664772033691406
2020-06-18,34.646263122558594
2020-06-19,34.02945327758789
2020-06-22,33.924598693847656
2020-06-23,34.288516998291016
2020-06-24,34.16515350341797
2020-06-25,34.54140853881836
2020-06-26,34.3070182800293
2020-06-29,34.31319046020508
2020-06-30,34.49205780029297
2020-07-01,33.640869140625
2020-07-02,34.22683334350586
2020-07-03,34.08496856689453
2020-07-06,34.89299011230469
2020-07-07,34.769622802734375
2020-07-08,35.355594635009766
2020-07-09,34.80046081542969
2020-07-10,35.139713287353516
2020-07-13,35.559146881103516
2020-07-14,38.05723571777344
2020-07-15,38.11274337768555
2020-07-16,37.082664489746094
2020-07-17,37.65013122558594
2020-07-20,37.502098083496094
2020-07-21,36.823612213134766
2020-07-22,36.53987503051758
2020-07-23,36.299312591552734
2020-07-24,36.145118713378906
2020-07-27,37.85368347167969
2020-07-28,37.21836471557617
2020-07-29,38.8282470703125
2020-07-30,37.7920036315918
2020-07-31,37.44658660888672
2020-08-03,37.16902160644531
2020-08-04,37.44042205810547
2020-08-05,38.35947036743164
2020-08-06,38.13741683959961
2020-08-07,37.286216735839844
2020-08-10,38.36564254760742
2020-08-11,37.181358337402344
2020-08-12,37.933876037597656
2020-08-13,37.22453689575195
2020-08-14,37.84134292602539
2020-08-17,38.38414001464844
2020-08-18,38.89609146118164
2020-08-19,38.48282241821289
2020-08-20,38.8282470703125
2020-08-21,38.36564254760742
2020-08-24,38.834407806396484
2020-08-25,38.00788116455078
2020-08-26,38.088077545166016
2020-08-27,37.49592971801758
2020-08-28,37.68714904785156
2020-08-31,36.811279296875
2020-09-01,38.09423828125
2020-09-02,37.82284164428711
2020-09-03,36.58921813964844
2020-09-04,37.310890197753906
2020-09-08,36.558380126953125
2020-09-09,37.0086555480957
2020-09-10,36.1019401550293
2020-09-11,38.211429595947266
2020-09-14,38.186763763427734
2020-09-15,38.612361907958984
2020-09-16,37.606964111328125
2020-09-17,38.29161834716797
2020-09-18,38.032562255859375
2020-09-21,37.0086555480957
2020-09-22,37.1484260559082
2020-09-23,37.97736740112305
2020-09-24,37.69463348388672
2020-09-25,38.07375717163086
2020-09-28,37.77174377441406
2020-09-29,37.49542999267578
2020-09-30,37.98379898071289
2020-10-01,37.823143005371094
2020-10-02,37.47614288330078
2020-10-05,38.29224395751953
2020-10-06,37.66892623901367
2020-10-07,38.664947509765625
2020-10-08,39.38465118408203
2020-10-09,39.58385467529297
2020-10-13,39.93085861206055
2020-10-14,40.48349380493164
2020-10-15,40.142921447753906
2020-10-16,39.995121002197266
2020-10-19,39.80876541137695
2020-10-20,39.738075256347656
2020-10-21,40.38710403442383
2020-10-22,40.54774856567383
2020-10-23,40.77265548706055
2020-10-26,40.162200927734375
2020-10-27,40.18146896362305
2020-10-28,38.722782135009766
2020-10-29,39.8537483215332
2020-10-30,38.90913772583008
2020-11-03,40.70198059082031
2020-11-04,39.57100296020508
2020-11-05,40.1943244934082
2020-11-06,40.60557556152344
2020-11-09,40.60557556152344
2020-11-10,40.58631134033203
2020-11-11,40.869049072265625
2020-11-12,40.27143478393555
2020-11-13,40.644134521484375
2020-11-16,41.7172737121582
2020-11-17,43.03458786010742
2020-11-18,42.70044708251953
2020-11-19,43.516536712646484
2020-11-23,45.810604095458984
2020-11-24,48.06612014770508
2020-11-25,48.51593017578125
2020-11-26,49.20351028442383
2020-11-27,50.4051628112793
2020-11-30,50.1224250793457
2020-12-01,52.210845947265625
2020-12-02,51.304786682128906
2020-12-03,50.73931121826172
2020-12-04,52.67994689941406
2020-12-07,53.30325698852539
2020-12-08,53.27113723754883
2020-12-09,53.14261245727539
2020-12-10,54.62059020996094
2020-12-11,54.53062057495117
2020-12-14,53.6888313293457
2020-12-15,54.299293518066406
2020-12-16,55.40455627441406
2020-12-17,56.03429412841797
2020-12-18,56.41984939575195
2020-12-21,55.8158073425293
2020-12-22,55.86722183227539
2020-12-23,56.137107849121094
2020-12-28,56.104984283447266
2020-12-29,55.950767517089844
2020-12-30,56.194942474365234
2021-01-04,58.77174377441406
2021-01-05,59.761348724365234
2021-01-06,61.721256256103516
2021-01-07,65.75032806396484
2021-01-08,65.5447006225586
2021-01-11,65.53184509277344
2021-01-12,63.7390022277832
2021-01-13,61.83051300048828
2021-01-14,62.84579849243164
2021-01-15,60.11478042602539
2021-01-18,60.603145599365234
2021-01-19,60.44249725341797
2021-01-20,59.32438278198242
2021-01-21,59.99267578125
2021-01-22,59.87058639526367
2021-01-26,58.95809555053711
2021-01-27,57.319480895996094
2021-01-28,58.5404167175293
2021-01-29,56.51622772216797
2021-02-01,58.649658203125
2021-02-02,56.32988739013672
2021-02-03,58.10988235473633
2021-02-04,57.3773193359375
2021-02-05,59.5621337890625
2021-02-08,60.41035461425781
2021-02-09,60.5645866394043
2021-02-10,60.85376739501953
2021-02-11,59.825618743896484
2021-02-12,60.333255767822266
2021-02-17,61.914039611816406
2021-02-18,62.588768005371094
2021-02-19,62.82652282714844
2021-02-22,61.271446228027344
2021-02-23,62.29959487915039
2021-02-24,62.92934799194336
2021-02-25,61.50278091430664
2021-02-26,60.73807907104492
2021-03-01,63.340599060058594
2021-03-02,65.28766632080078
2021-03-03,64.48442077636719
2021-03-04,63.52695083618164
2021-03-05,67.29541015625
2021-03-08,66.93280029296875
2021-03-09,66.26124572753906
2021-03-10,65.24049377441406
2021-03-11,66.95293426513672
2021-03-12,65.40839385986328
2021-03-15,65.01888275146484
2021-03-16,64.81069946289062
2021-03-17,65.7441635131836
2021-03-18,64.5756607055664
2021-03-19,63.64893341064453
2021-03-22,62.5946044921875
2021-03-23,61.150787353515625
2021-03-24,62.554325103759766
2021-03-25,62.07752990722656
2021-03-26,64.152587890625
2021-03-29,65.79788208007812
2021-03-30,65.186767578125
2021-03-31,65.79116821289062
2021-04-01,65.40167236328125
2021-04-05,69.43092346191406
2021-04-06,68.53105926513672
2021-04-07,70.21662902832031
2021-04-08,70.17634582519531
2021-04-09,69.16902923583984
2021-04-12,69.43763732910156
2021-04-13,69.55853271484375
2021-04-14,71.8552017211914
2021-04-15,72.66777801513672
2021-04-16,72.97667694091797
2021-04-19,72.34542846679688
2021-04-20,71.2911148071289
2021-04-22,71.33811950683594
2021-04-23,72.52001953125
2021-04-26,72.90951538085938
2021-04-27,73.9504165649414
2021-04-28,75.1592025756836
2021-04-29,75.17935180664062
2021-04-30,73.21171569824219
2021-05-03,72.83565521240234
2021-05-04,73.9369888305664
2021-05-05,74.34663391113281
2021-05-06,77.26113891601562
2021-05-07,77.52973175048828
2021-05-10,77.01937866210938
2021-05-11,79.72569274902344
2021-05-12,76.77762603759766
2021-05-13,75.5419692993164
2021-05-14,74.24590301513672
2021-05-17,76.19336700439453
2021-05-18,76.95894622802734
2021-05-19,75.38081359863281
2021-05-20,74.61524963378906
2021-05-21,73.46691131591797
2021-05-24,73.72209167480469
2021-05-25,71.88877868652344
2021-05-26,74.00414276123047
2021-05-27,74.53466033935547
2021-05-28,74.93759155273438
2021-05-31,77.0798110961914
2021-06-01,76.0187759399414
2021-06-02,77.09324645996094
2021-06-04,75.81730651855469
2021-06-07,75.07862091064453
2021-06-08,73.81610870361328
2021-06-09,75.34723663330078
2021-06-10,75.09874725341797
2021-06-11,76.78433227539062
2021-06-14,76.36796569824219
2021-06-15,74.87715148925781
2021-06-16,72.62747192382812
2021-06-17,71.11650848388672
2021-06-18,73.25872039794922
2021-06-21,73.9437026977539
2021-06-22,74.81000518798828
2021-06-23,75.93147277832031
2021-06-24,76.03396606445312
2021-06-25,76.97216033935547
2021-06-28,75.739501953125
2021-06-29,77.04747772216797
2021-06-30,77.55423736572266
2021-07-01,76.20516967773438
2021-07-02,77.78022003173828
2021-07-05,77.49944305419922
2021-07-06,77.91033172607422
2021-07-07,78.13631439208984
2021-07-08,77.83501434326172
2021-07-12,78.80058288574219
2021-07-13,79.2662582397461
2021-07-14,78.83482360839844
2021-07-15,79.08135223388672
2021-07-16,77.65695190429688
2021-07-19,76.80780792236328
2021-07-20,77.45152282714844
2021-07-21,78.3417739868164
2021-07-22,78.54719543457031
2021-07-23,78.1500244140625
2021-07-26,79.84834289550781
2021-07-27,78.19111633300781
2021-07-28,80.32770538330078
2021-07-29,79.14298248291016
2021-07-30,74.47944641113281
2021-08-02,74.59587860107422
2021-08-03,77.13650512695312
2021-08-04,77.05432891845703
2021-08-05,74.69859313964844
2021-08-06,75.12318420410156
2021-08-09,74.65066528320312
2021-08-10,75.36970520019531
2021-08-11,74.8287124633789
2021-08-12,74.78076934814453
2021-08-13,74.16445922851562
2021-08-16,74.5068588256836
2021-08-17,73.27420806884766
2021-08-18,70.81575012207031
2021-08-19,66.775390625
2021-08-20,66.80278778076172
2021-08-23,65.8782958984375
2021-08-24,68.28196716308594
2021-08-25,68.1381607055664
2021-08-26,67.26844787597656
2021-08-27,68.95307922363281
2021-08-30,68.5147933959961
2021-08-31,67.57661437988281
2021-09-01,67.69303894042969
2021-09-02,67.48075866699219
2021-09-03,67.52867889404297
2021-09-06,66.46723175048828
2021-09-08,65.08393859863281
2021-09-09,64.85108947753906
2021-09-10,64.92642211914062
2021-09-13,64.8921890258789
2021-09-14,64.433349609375
2021-09-15,62.82406997680664
2021-09-16,60.21495819091797
2021-09-17,58.99600601196289
2021-09-20,56.66767120361328
2021-09-21,57.605838775634766
2021-09-22,59.65340805053711
2021-09-23,59.651329040527344
2021-09-24,58.72908401489258
2021-09-27,59.568172454833984
2021-09-28,56.58219909667969
2021-09-29,57.300357818603516
2021-09-30,57.632965087890625
2021-10-01,57.602725982666016
2021-10-04,57.06601333618164
2021-10-05,56.65779495239258
2021-10-06,58.252838134765625
2021-10-07,59.99150466918945
2021-10-08,60.361907958984375
2021-10-11,61.699928283691406
2021-10-13,59.87055206298828
2021-10-14,59.87055206298828
2021-10-15,60.98934555053711
2021-10-18,60.41482162475586
2021-10-19,59.71937561035156
2021-10-20,57.95802307128906
2021-10-21,56.816551208496094
2021-10-22,57.512020111083984
2021-10-25,58.20748519897461
2021-10-26,57.58761215209961
2021-10-27,56.27983093261719
2021-10-28,55.71287536621094
2021-10-29,54.132965087890625
2021-11-01,54.669677734375
2021-11-03,50.51955795288086
2021-11-04,49.94504928588867
2021-11-05,48.46339797973633
2021-11-08,51.10163879394531
2021-11-09,49.846778869628906
2021-11-10,49.65778732299805
2021-11-11,51.41156768798828
2021-11-12,51.630794525146484
2021-11-16,50.14158630371094
2021-11-17,49.13618469238281
2021-11-18,47.11782455444336
2021-11-19,48.402923583984375
2021-11-22,51.09406661987305
2021-11-23,52.43965148925781
2021-11-24,53.65672302246094
2021-11-25,53.29386520385742
2021-11-26,51.8878173828125
2021-11-29,52.53792953491211
2021-11-30,52.87809371948242
2021-12-01,53.08975601196289
2021-12-02,55.55412673950195
2021-12-03,54.329498291015625
2021-12-06,57.27766799926758
2021-12-07,57.70100784301758
2021-12-08,57.270111083984375
2021-12-09,56.831661224365234
2021-12-10,57.18696212768555
2021-12-13,58.85759735107422
2021-12-14,58.850032806396484
2021-12-15,58.51742172241211
2021-12-16,60.807918548583984
2021-12-17,59.84788513183594
2021-12-20,59.17508316040039
2021-12-21,60.73233413696289
2021-12-22,60.41482162475586
2021-12-23,59.832759857177734
2021-12-27,59.68156433105469
2021-12-28,58.245277404785156
2021-12-29,58.39646911621094
2021-12-30,58.93318176269531
2022-01-03,58.96342468261719
2022-01-04,58.267948150634766
2022-01-05,58.81979751586914
2022-01-06,60.006622314453125
2022-01-07,63.49907302856445
2022-01-10,62.74312973022461
2022-01-11,63.93751525878906
2022-01-12,64.63298034667969
2022-01-13,63.65024948120117
2022-01-14,64.02066802978516
2022-01-17,63.68805694580078
2022-01-18,65.24530029296875
2022-01-19,66.68158721923828
2022-01-20,65.54766845703125
2022-01-21,64.18697357177734
2022-01-24,63.400794982910156
2022-01-25,63.54443359375
2022-01-26,63.72585678100586
2022-01-27,63.869476318359375
2022-01-28,63.24205780029297
2022-01-31,61.13298797607422
2022-02-01,64.48934936523438
2022-02-02,64.85221099853516
2022-02-03,64.82196044921875
2022-02-04,66.52283477783203
2022-02-07,68.13299560546875
2022-02-08,69.0854721069336
2022-02-09,69.10059356689453
2022-02-10,70.960205078125
2022-02-11,69.52392578125
2022-02-14,69.22154998779297
2022-02-15,67.16539001464844
2022-02-16,67.65674591064453
2022-02-17,64.74637603759766
2022-02-18,64.8824462890625
2022-02-21,64.93534851074219
2022-02-22,66.06172180175781
2022-02-23,65.36624145507812
2022-02-24,66.17510986328125
2022-02-25,69.75826263427734
2022-03-02,75.32955169677734
2022-03-03,75.36734771728516
2022-03-04,77.08333587646484
2022-03-07,79.42675018310547
2022-03-08,75.94185638427734
2022-03-09,73.93952178955078
2022-03-10,76.3808822631836
2022-03-11,75.98053741455078
2022-03-14,71.90635681152344
2022-03-15,69.841796875
2022-03-16,71.53739929199219
2022-03-17,74.02587890625
2022-03-18,75.43102264404297
2022-03-21,77.56623840332031
2022-03-22,75.83137512207031
2022-03-23,75.713623046875
2022-03-24,76.07473754882812
2022-03-25,74.75592041015625
2022-03-28,74.84227752685547
2022-03-29,74.19857025146484
2022-03-30,75.2583236694336
2022-03-31,75.04638671875
2022-04-01,76.11397552490234
2022-04-04,76.88329315185547
2022-04-05,74.66170501708984
2022-04-06,75.79212188720703
2022-04-07,76.24742889404297
2022-04-08,74.69312286376953
2022-04-11,73.79036712646484
2022-04-12,73.29582214355469
2022-04-13,73.31937408447266
2022-04-14,72.29100799560547
2022-04-18,71.0978012084961
2022-04-19,68.82913970947266
2022-04-20,67.0393295288086
2022-04-22,63.15355682373047
2022-04-25,62.0781135559082
2022-04-26,61.23030471801758
2022-04-27,64.50377655029297
2022-04-28,66.09732055664062
2022-04-29,65.38298034667969
2022-05-02,65.09252166748047
2022-05-03,64.76283264160156
2022-05-04,64.22117614746094
2022-05-05,63.05937194824219
2022-05-06,62.6119270324707
2022-05-09,60.044944763183594
2022-05-10,59.2991943359375
2022-05-11,61.77195739746094
2022-05-12,61.15181350708008
2022-05-13,61.081153869628906
2022-05-16,62.91021728515625
2022-05-17,62.643306732177734
2022-05-18,61.05760192871094
2022-05-19,62.68255615234375
2022-05-20,63.7894172668457
2022-05-23,65.09252166748047
2022-05-24,65.97172546386719
2022-05-25,66.17584228515625
2022-05-26,66.13658142089844
2022-05-27,67.29054260253906
2022-05-30,68.02059173583984
2022-05-31,67.67518615722656
2022-06-01,69.26874542236328
2022-06-02,70.57185363769531
2022-06-03,69.44144439697266
2022-06-06,69.51210021972656
2022-06-07,71.13705444335938
2022-06-08,68.6878433227539
2022-06-09,66.3642349243164
2022-06-10,66.37993621826172
2022-06-13,64.276123046875
2022-06-14,64.15052032470703
2022-06-15,64.11125946044922
2022-06-17,60.767154693603516
2022-06-20,59.267791748046875
2022-06-21,59.66030502319336
2022-06-22,59.15004348754883
2022-06-23,56.99128341674805
2022-06-24,58.576988220214844
2022-06-27,61.269561767578125
2022-06-28,62.368560791015625
2022-06-29,61.850467681884766
2022-06-30,60.09989929199219
2022-07-01,58.95378875732422
2022-07-04,58.61624526977539
2022-07-05,58.32578659057617
2022-07-06,58.87528991699219
2022-07-07,60.58659744262695
2022-07-08,59.18930435180664
2022-07-11,57.171836853027344
2022-07-12,57.34453201293945
2022-07-13,57.14828872680664
2022-07-14,53.34101486206055
2022-07-15,53.670719146728516
2022-07-18,53.95332336425781
2022-07-19,54.07106399536133
2022-07-20,52.90140914916992
2022-07-21,53.827720642089844
2022-07-22,54.33012390136719
2022-07-25,55.33493423461914
2022-07-26,55.232879638671875
2022-07-27,55.35847473144531
2022-07-28,55.49192428588867
2022-07-29,54.754024505615234
2022-08-01,53.44306945800781
2022-08-02,55.14652633666992
2022-08-03,53.00345993041992
2022-08-04,52.69731140136719
2022-08-05,53.38026809692383
2022-08-08,53.835567474365234
2022-08-09,54.95027542114258
2022-08-10,54.989524841308594
2022-08-11,56.904930114746094
2022-08-12,57.63323974609375
2022-08-15,56.39470672607422
2022-08-16,57.64975357055664
2022-08-17,56.33690643310547
2022-08-18,55.91580581665039
2022-08-19,55.288272857666016
2022-08-22,54.479103088378906
2022-08-23,57.97176742553711
2022-08-24,56.105709075927734
2022-08-25,57.195621490478516
2022-08-26,56.33690643310547
2022-08-29,55.24699783325195
2022-08-30,53.645145416259766
2022-08-31,53.25707244873047
2022-09-01,52.7534065246582
2022-09-02,51.95248794555664
2022-09-05,53.8515739440918
2022-09-06,52.57175064086914
2022-09-08,53.26533508300781
2022-09-09,57.42682647705078
2022-09-12,57.930484771728516
2022-09-13,56.35342025756836
2022-09-14,55.32130432128906
2022-09-15,56.43599319458008
2022-09-16,56.35342025756836
2022-09-19,58.17818832397461
2022-09-20,57.34424591064453
2022-09-21,56.5185546875
2022-09-22,57.81488800048828
2022-09-23,56.61763381958008
2022-09-26,56.74149703979492
2022-09-27,55.89928436279297
2022-09-28,56.427734375
2022-09-29,56.50204849243164
2022-09-30,59.482791900634766
2022-10-03,61.10114288330078
2022-10-04,62.579124450683594
2022-10-05,63.545188903808594
2022-10-06,62.116737365722656
2022-10-07,62.34794235229492
2022-10-10,61.0928840637207
2022-10-11,60.68003463745117
2022-10-13,59.598384857177734
2022-10-14,57.658016204833984
2022-10-17,58.56626892089844
2022-10-18,59.41673278808594
2022-10-19,58.71489715576172
2022-10-20,59.46627426147461
2022-10-21,61.20847702026367
2022-10-24,59.3919563293457
2022-10-25,59.3919563293457
2022-10-26,60.713069915771484
2022-10-27,58.549766540527344
2022-10-28,55.692867279052734
2022-10-31,55.42864227294922
2022-11-01,57.1130485534668
2022-11-03,55.445159912109375
2022-11-04,59.656185150146484
2022-11-07,59.34242248535156
2022-11-08,61.142425537109375
2022-11-09,60.39930725097656
2022-11-10,61.555267333984375
2022-11-11,67.95438385009766
2022-11-14,68.78831481933594
2022-11-16,68.0699691772461
2022-11-17,68.61492919921875
2022-11-18,66.74060821533203
2022-11-21,65.98922729492188
2022-11-22,66.17089080810547
2022-11-23,66.82318878173828
2022-11-24,67.25253295898438
2022-11-25,66.79840850830078
2022-11-28,67.1286849975586
2022-11-29,69.72135162353516
2022-11-30,70.76998901367188
2022-12-01,71.1580581665039
2022-12-02,71.66999053955078
2022-12-05,71.59567260742188
2022-12-06,72.63604736328125
2022-12-07,70.05162811279297
2022-12-08,70.91034698486328
2022-12-09,73.27182006835938
2022-12-12,71.08374786376953
2022-12-13,71.38367462158203
2022-12-14,71.98847198486328
2022-12-15,72.220458984375
2022-12-16,70.9859848022461
2022-12-19,70.72916412353516
2022-12-20,71.04398345947266
2022-12-21,71.449951171875
2022-12-22,71.04398345947266
2022-12-23,71.5162353515625
2022-12-26,72.1707534790039
2022-12-27,73.89402770996094
2022-12-28,73.72833251953125
2022-12-29,73.63719177246094
2023-01-02,74.0680160522461
2023-01-03,73.93545532226562
2023-01-04,74.0680160522461
2023-01-05,75.31077575683594
2023-01-06,76.50381469726562
2023-01-09,76.586669921875
2023-01-10,77.53116607666016
2023-01-11,77.25775146484375
2023-01-12,77.6637191772461
2023-01-13,77.73001098632812
2023-01-16,76.42924499511719
2023-01-17,76.32982635498047
2023-01-18,77.33231353759766
2023-01-19,77.6637191772461
2023-01-20,77.870849609375
2023-01-23,78.12767791748047
2023-01-24,78.95618438720703
2023-01-25,79.70181274414062
2023-01-26,81.19313049316406
2023-01-27,78.97274780273438
2023-01-30,78.6910629272461
2023-01-31,78.30166625976562
2023-02-01,77.43172454833984
2023-02-02,73.85261535644531
2023-02-03,73.6951904296875
2023-02-06,72.77555847167969
2023-02-07,73.25608825683594
2023-02-08,73.504638671875
2023-02-09,73.23123168945312
2023-02-10,71.91392517089844
2023-02-13,71.83934783935547
2023-02-14,72.16246795654297
2023-02-15,73.73661804199219
2023-02-16,73.89402770996094
2023-02-17,72.93296813964844
2023-02-22,72.37787628173828
2023-02-23,72.03819274902344
2023-02-24,70.45574951171875
2023-02-27,70.45574951171875
2023-02-28,70.68773651123047
2023-03-01,73.9023208618164
2023-03-02,73.73661804199219
2023-03-03,73.98516845703125
2023-03-06,71.3753890991211
2023-03-07,70.6960220336914
2023-03-08,71.34225463867188
2023-03-09,70.40604400634766
2023-03-10,70.17406463623047
2023-03-13,70.46403503417969
2023-03-14,71.10553741455078
2023-03-15,68.96338653564453
2023-03-16,69.2174072265625
2023-03-17,70.04717254638672
2023-03-20,70.62290954589844
2023-03-21,70.03022766113281
2023-03-22,69.15813446044922
2023-03-23,67.38007354736328
2023-03-24,66.60958099365234
2023-03-27,66.49951171875
2023-03-28,67.20226287841797
2023-03-29,68.16749572753906
2023-03-30,69.27667236328125
2023-03-31,67.9812240600586
2023-04-03,67.99816131591797
2023-04-04,66.07616424560547
2023-04-05,65.10245513916016
2023-04-06,64.98392486572266
2023-04-10,66.23703002929688
2023-04-11,69.73387908935547
2023-04-12,68.24370574951172
2023-04-13,67.32080078125
2023-04-14,66.72811126708984
2023-04-17,65.93222045898438
2023-04-18,66.49951171875
2023-04-19,64.56058502197266
2023-04-20,63.21432876586914
2023-04-24,60.928245544433594
2023-04-25,59.26873016357422
2023-04-26,59.497337341308594
2023-04-27,60.7589111328125
2023-04-28,61.30079650878906
2023-05-02,58.87924575805664
2023-05-03,58.422027587890625
2023-05-04,56.610103607177734
2023-05-05,58.455894470214844
2023-05-08,59.24332046508789
2023-05-09,59.85294723510742
2023-05-10,58.72683334350586
2023-05-11,57.58379364013672
2023-05-12,57.64306640625
2023-05-15,58.47282409667969
2023-05-16,57.2705192565918
2023-05-17,59.167118072509766
2023-05-18,59.251792907714844
2023-05-19,58.59983444213867
2023-05-22,57.660003662109375
2023-05-23,56.3560905456543
2023-05-24,55.077579498291016
2023-05-25,54.908233642578125
2023-05-26,56.161354064941406
2023-05-29,55.738006591796875
2023-05-30,54.425621032714844
2023-05-31,54.02767562866211
2023-06-01,55.17072296142578
2023-06-02,57.52452850341797
2023-06-05,57.050376892089844
2023-06-06,57.236656188964844
2023-06-07,58.14261245727539
2023-06-09,57.8801383972168
2023-06-12,56.83024215698242
2023-06-13,57.431392669677734
2023-06-14,58.4389533996582
2023-06-15,58.89616775512695
2023-06-16,58.98930358886719
2023-06-19,58.760711669921875
2023-06-20,57.245121002197266
2023-06-21,56.66937255859375
2023-06-22,56.36455535888672
2023-06-23,55.797271728515625
2023-06-26,55.91581344604492
2023-06-27,56.5847053527832
2023-06-28,54.79816436767578
2023-06-29,55.46706008911133
2023-06-30,54.374820709228516
2023-07-03,56.07667922973633
2023-07-04,55.797271728515625
2023-07-05,55.30617904663086
2023-07-06,54.908233642578125
2023-07-07,55.424720764160156
2023-07-10,54.57802200317383
2023-07-11,56.373023986816406
2023-07-12,56.770973205566406
2023-07-13,58.09181594848633
2023-07-14,58.09181594848633
2023-07-17,57.448326110839844
2023-07-18,57.0842399597168
2023-07-19,56.93184280395508
2023-07-20,57.0588493347168
2023-07-21,57.40599822998047
2023-07-24,59.141719818115234
2023-07-25,60.970584869384766
2023-07-26,60.7589111328125
2023-07-27,59.62433624267578
2023-07-28,57.262046813964844
2023-07-31,58.55750274658203
2023-08-01,57.744667053222656
2023-08-02,56.80483627319336
2023-08-03,57.16044998168945
2023-08-04,57.20277786254883
2023-08-07,57.49066925048828
2023-08-08,57.11811447143555
2023-08-09,56.601627349853516
2023-08-10,55.932735443115234
2023-08-11,55.46706008911133
2023-08-14,53.991641998291016
2023-08-15,53.45957565307617
2023-08-16,53.25023651123047
2023-08-17,54.0003662109375
2023-08-18,53.39851760864258
2023-08-21,53.46829605102539
2023-08-22,54.58476638793945
2023-08-23,54.98599624633789
2023-08-24,54.25331497192383
2023-08-25,54.13991928100586
2023-08-28,54.91621398925781
2023-08-29,56.66941833496094
2023-08-30,56.67814254760742
2023-08-31,56.76536560058594
2023-09-01,60.088600158691406
2023-09-04,60.533443450927734
2023-09-05,60.27176284790039
2023-09-06,59.3035774230957
2023-09-08,58.18711853027344
2023-09-11,59.02446365356445
2023-09-12,58.98085403442383
2023-09-13,58.75407028198242
2023-09-14,61.16145324707031
2023-09-15,60.655555725097656
2023-09-18,59.94031524658203
2023-09-19,60.05370330810547
2023-09-20,60.45493698120117
2023-09-21,58.876190185546875
2023-09-22,59.31230545043945
2023-09-25,58.09116744995117
2023-09-26,57.18403244018555
2023-09-27,57.306148529052734
2023-09-28,58.17838668823242
2023-09-29,58.94596481323242
2023-10-02,58.43133544921875
2023-10-03,58.07372283935547
2023-10-04,57.454437255859375
2023-10-05,57.4806022644043
2023-10-06,58.317955017089844
2023-10-09,57.899269104003906
2023-10-10,58.248172760009766
2023-10-11,58.75407028198242
2023-10-13,58.08244705200195
2023-10-16,58.701744079589844
2023-10-17,59.18146514892578
2023-10-18,57.00959014892578
2023-10-19,56.18968200683594
2023-10-20,54.6719856262207
2023-10-23,54.567317962646484
2023-10-24,55.81462478637695
2023-10-25,55.76228332519531
2023-10-26,56.9572639465332
2023-10-27,58.93723678588867
2023-10-30,59.46930694580078
2023-10-31,60.18454360961914
2023-11-01,61.335899353027344
2023-11-03,62.10346603393555
2023-11-06,62.36514663696289
2023-11-07,61.126564025878906
2023-11-08,61.17017364501953
2023-11-09,61.46674346923828
2023-11-10,62.408756256103516
2023-11-13,62.277915954589844
2023-11-14,64.20557403564453
2023-11-16,64.63296508789062
2023-11-17,64.75507354736328
2023-11-20,66.3425521850586
2023-11-21,67.9474868774414
2023-11-22,65.935302734375
2023-11-23,65.52127838134766
2023-11-24,64.96631622314453
2023-11-27,64.57872009277344
2023-11-28,64.71966552734375
2023-11-29,64.70203399658203
2023-11-30,65.05439758300781
2023-12-01,66.26123046875
2023-12-04,64.77251434326172
2023-12-05,64.17350006103516
2023-12-06,63.75067901611328
2023-12-07,63.953277587890625
2023-12-08,64.12945556640625
2023-12-11,64.18231964111328
2023-12-12,64.29682922363281
2023-12-13,64.30563354492188
2023-12-14,64.65798950195312
2023-12-15,65.0632095336914
2023-12-18,65.37152862548828
2023-12-19,65.82959747314453
2023-12-20,65.61817932128906
2023-12-21,67.80281066894531
2023-12-22,67.29187774658203
2023-12-26,67.52973175048828
2023-12-27,68.18159484863281
2023-12-28,68.00540924072266
